{
     "precision": 0.7702492211838006,
     "recall": 0.6173533083645443,
     "fbeta": 0.6853776853776853
}